{
  "config": {
    "run_name": "exp1_3_L3_K64-128",
    "out_dir": "./results",
    "seed": 920799766,
    "device": null,
    "bs_train": 128,
    "bs_test": 50,
    "batches": 250,
    "epochs": 100,
    "early_stopping": 5,
    "checkpoints": null,
    "lr": 0.01,
    "reg": 0.0005,
    "filters_per_layer": [
      64,
      128
    ],
    "pool_every": 2,
    "hidden_dims": [
      1024
    ],
    "model_type": "cnn",
    "kw": {},
    "layers_per_block": 3
  },
  "results": {
    "num_epochs": 15,
    "train_loss": [
      2.30033424282074,
      1.9457570271492004,
      1.753656994342804,
      1.560706609249115,
      1.4329128031730651,
      1.3197753920555115,
      1.179315455198288,
      1.025514475107193,
      0.8362013676166534,
      0.6189988249540329,
      0.35041489589214325,
      0.1735900381654501,
      0.07281910520792008,
      0.034806700211018324,
      0.02343501348979771
    ],
    "train_acc": [
      10.921875,
      28.940625,
      36.746875,
      44.00625,
      48.45,
      52.603125,
      57.940625,
      63.759375,
      70.85,
      79.190625,
      89.83125,
      95.990625,
      98.84375,
      99.60625,
      99.790625
    ],
    "test_loss": [
      2.2748525639375052,
      1.8224883447090785,
      1.6668708135684331,
      1.5698906590541204,
      1.4433805723985036,
      1.3304883872469266,
      1.275328407684962,
      1.155727315445741,
      1.220702151954174,
      1.1895289932688078,
      1.2961743588248889,
      1.4601004486282667,
      1.7751251553495726,
      1.875460928181807,
      2.037624251842499
    ],
    "test_acc": [
      19.95,
      33.86666666666667,
      40.18333333333333,
      44.333333333333336,
      47.85,
      53.266666666666666,
      54.05,
      58.46666666666667,
      58.25,
      60.1,
      60.46666666666667,
      60.016666666666666,
      59.95,
      60.11666666666667,
      60.21666666666667
    ]
  }
}