{
  "config": {
    "run_name": "exp1_4",
    "out_dir": "results_1.4_ES3",
    "seed": 1423279596,
    "device": null,
    "bs_train": 128,
    "bs_test": 50,
    "batches": 250,
    "epochs": 100,
    "early_stopping": 3,
    "checkpoints": null,
    "lr": 0.01,
    "reg": 0.0005,
    "filters_per_layer": [
      64,
      128
    ],
    "pool_every": 2,
    "hidden_dims": [
      1024
    ],
    "model_type": "resnet",
    "kw": {},
    "layers_per_block": 4
  },
  "results": {
    "num_epochs": 13,
    "train_loss": [
      1.3749092679023742,
      0.8955209941864014,
      0.6373135586977005,
      0.42354489767551423,
      0.22762991678714753,
      0.09135250747203827,
      0.03326038457080722,
      0.015560308108106255,
      0.006303092466667295,
      0.003941646606661379,
      0.0025229965874459595,
      0.001365681292489171,
      0.0007326526881661266
    ],
    "train_acc": [
      50.1,
      68.34375,
      78.053125,
      86.071875,
      93.584375,
      98.296875,
      99.784375,
      99.94375,
      99.9875,
      99.990625,
      99.996875,
      99.996875,
      100.0
    ],
    "test_loss": [
      1.2952465583880743,
      1.0125047331055006,
      0.8246141947805882,
      0.779151846965154,
      0.8284203144411246,
      0.9208958066999913,
      1.0057614540060362,
      1.0547344543039798,
      1.0925821636493007,
      1.1592253272732098,
      1.1616040935118994,
      1.1429622325114905,
      1.1581494010984899
    ],
    "test_acc": [
      55.0,
      63.81666666666667,
      71.48333333333333,
      73.55,
      74.25,
      74.53333333333333,
      75.58333333333333,
      76.26666666666667,
      78.01666666666667,
      76.55,
      77.78333333333333,
      78.38333333333334,
      78.31666666666666
    ]
  }
}