{
  "config": {
    "run_name": "exp1_4",
    "out_dir": "results_1.4_ES3",
    "seed": 913479809,
    "device": null,
    "bs_train": 128,
    "bs_test": 50,
    "batches": 250,
    "epochs": 100,
    "early_stopping": 3,
    "checkpoints": null,
    "lr": 0.01,
    "reg": 0.0005,
    "filters_per_layer": [
      32
    ],
    "pool_every": 2,
    "hidden_dims": [
      1024
    ],
    "model_type": "resnet",
    "kw": {},
    "layers_per_block": 8
  },
  "results": {
    "num_epochs": 71,
    "train_loss": [
      1.4398425068855285,
      0.9701799449920654,
      0.7434288845062256,
      0.5633441706895829,
      0.3958053923845291,
      0.2260466457903385,
      0.10799753257632255,
      0.04471446446329355,
      0.026320252150297166,
      0.015261464715003968,
      0.006660826629027724,
      0.003749584250152111,
      0.0017268460118211805,
      0.0008421556144021452,
      0.0006982117966981605,
      0.0007005917814094573,
      0.0007076368964044378,
      0.0007487936514662579,
      0.000811108011752367,
      0.0008267310530645773,
      0.0008918644324876368,
      0.0009061082650441677,
      0.0009691735785454512,
      0.0009961838184390217,
      0.0010689430804923176,
      0.0011097751676570624,
      0.0011445453041233123,
      0.001199586911359802,
      0.001222011869540438,
      0.0012572970374021678,
      0.0012718876546714455,
      0.0012978153959847987,
      0.0013528473246842622,
      0.0013573078995104879,
      0.001379592775600031,
      0.001387080736691132,
      0.001413624382345006,
      0.001424458272056654,
      0.001476490052882582,
      0.0014618068928830327,
      0.0014808941925875843,
      0.0015179563569836319,
      0.0015425483675207943,
      0.0015269014469813556,
      0.001505059331189841,
      0.0015462315306067466,
      0.0015484889126382768,
      0.0015443627601489426,
      0.0015483016269281506,
      0.0015753808752633632,
      0.001560674014966935,
      0.0015680226660333575,
      0.0016260458594188093,
      0.001560057196766138,
      0.0016170077444985509,
      0.0015986491232179104,
      0.00159100859798491,
      0.0016142176119610667,
      0.0015808371677994728,
      0.0016043542083352803,
      0.001638700136449188,
      0.0016085371859371662,
      0.0015973926496226341,
      0.0016457725991494954,
      0.0015776341506280006,
      0.001600245769135654,
      0.0016116698011755944,
      0.0015963489753194153,
      0.0015977317404467612,
      0.0016048793625086546,
      0.001606661013327539
    ],
    "train_acc": [
      47.13125,
      65.434375,
      73.790625,
      80.41875,
      87.065625,
      93.840625,
      97.890625,
      99.540625,
      99.853125,
      99.940625,
      99.984375,
      99.990625,
      99.996875,
      100.0,
      100.0,
      100.0,
      100.0,
      100.0,
      100.0,
      100.0,
      100.0,
      100.0,
      100.0,
      100.0,
      100.0,
      100.0,
      100.0,
      100.0,
      100.0,
      100.0,
      100.0,
      100.0,
      100.0,
      100.0,
      100.0,
      100.0,
      100.0,
      100.0,
      100.0,
      100.0,
      100.0,
      100.0,
      100.0,
      100.0,
      100.0,
      100.0,
      100.0,
      100.0,
      100.0,
      100.0,
      100.0,
      100.0,
      100.0,
      100.0,
      100.0,
      100.0,
      100.0,
      100.0,
      100.0,
      100.0,
      100.0,
      100.0,
      100.0,
      100.0,
      100.0,
      100.0,
      100.0,
      100.0,
      100.0,
      100.0,
      100.0
    ],
    "test_loss": [
      1.250386792421341,
      1.0784040242433548,
      0.9842822507023812,
      0.8722481633226077,
      0.8389483414590359,
      0.888458197315534,
      0.9811088425417741,
      1.1305378134051958,
      1.1196058695514997,
      1.2172297666470209,
      1.2122378937900067,
      1.2709140924115976,
      1.237691263606151,
      1.235508609066407,
      1.2260948556164901,
      1.2184895152846973,
      1.2015676374236743,
      1.2025461748242379,
      1.1750554929176966,
      1.1740878500044345,
      1.1504061952233315,
      1.1431634383896987,
      1.1336616784334184,
      1.1261860179404417,
      1.1225789658725263,
      1.105599548916022,
      1.1028739775220553,
      1.098467129468918,
      1.0826507177203895,
      1.0836549130578836,
      1.085108068337043,
      1.0647491209208966,
      1.0632349188129107,
      1.0617356337606907,
      1.0608915564914545,
      1.0633884226282437,
      1.0486703818043073,
      1.0498319126665592,
      1.0393080063164235,
      1.0404795557260513,
      1.0403983631481728,
      1.0394833758473396,
      1.0235209586719671,
      1.0250929969052474,
      1.023137171069781,
      1.0268337458372117,
      1.0175029295186202,
      1.0217959101001421,
      1.0102053898076215,
      1.0141777202486992,
      1.0087500890096028,
      1.0077721369763215,
      1.011577201882998,
      1.0065673063198726,
      1.0024706166237594,
      1.0057485109815996,
      0.9947273155053457,
      1.0005358099937438,
      0.9992613904178143,
      1.0008357788125675,
      0.9950535466273626,
      0.9915267204244932,
      1.0034432160357634,
      0.9927729308605194,
      0.985687900831302,
      0.9867118028302987,
      0.9940362354119618,
      0.9833426815768083,
      0.9956659416357676,
      0.9736442397038142,
      0.9799611032009125
    ],
    "test_acc": [
      54.88333333333333,
      62.833333333333336,
      66.66666666666667,
      69.95,
      71.91666666666667,
      72.93333333333334,
      72.01666666666667,
      73.48333333333333,
      72.86666666666666,
      74.2,
      75.3,
      74.93333333333334,
      75.85,
      76.28333333333333,
      76.41666666666667,
      76.48333333333333,
      76.48333333333333,
      76.66666666666667,
      76.68333333333334,
      76.71666666666667,
      76.88333333333334,
      76.9,
      76.93333333333334,
      77.0,
      76.91666666666667,
      77.03333333333333,
      77.08333333333333,
      77.03333333333333,
      77.03333333333333,
      77.15,
      77.0,
      76.98333333333333,
      77.06666666666666,
      77.31666666666666,
      77.2,
      77.28333333333333,
      77.06666666666666,
      77.25,
      77.25,
      77.15,
      77.05,
      77.26666666666667,
      77.26666666666667,
      77.25,
      77.43333333333334,
      77.38333333333334,
      77.26666666666667,
      77.16666666666667,
      77.33333333333333,
      77.1,
      77.38333333333334,
      77.61666666666666,
      77.25,
      77.41666666666667,
      77.46666666666667,
      77.31666666666666,
      77.45,
      77.7,
      77.68333333333334,
      77.35,
      77.65,
      77.6,
      77.7,
      77.63333333333334,
      77.53333333333333,
      77.6,
      77.73333333333333,
      77.81666666666666,
      77.56666666666666,
      78.0,
      77.88333333333334
    ]
  }
}