{
  "config": {
    "run_name": "exp1_4",
    "out_dir": "results_1.4_ES3",
    "seed": 383041003,
    "device": null,
    "bs_train": 128,
    "bs_test": 50,
    "batches": 250,
    "epochs": 100,
    "early_stopping": 3,
    "checkpoints": null,
    "lr": 0.01,
    "reg": 0.0005,
    "filters_per_layer": [
      64,
      128
    ],
    "pool_every": 2,
    "hidden_dims": [
      1024
    ],
    "model_type": "resnet",
    "kw": {},
    "layers_per_block": 2
  },
  "results": {
    "num_epochs": 38,
    "train_loss": [
      1.3776836819648743,
      0.9146587860584259,
      0.6510837872028351,
      0.4099038820266724,
      0.2060305761396885,
      0.07536180417239666,
      0.02957411690056324,
      0.014648855419829488,
      0.0066249946421012285,
      0.003970187574159354,
      0.0015591500045266003,
      0.000997610621736385,
      0.0009193298454629258,
      0.000906050915364176,
      0.0009153314478462562,
      0.0009424260209780186,
      0.0010087996413931251,
      0.0010439925983082503,
      0.0010944712494965643,
      0.0011642922912724317,
      0.0012124247653409839,
      0.0012512502160388977,
      0.0012888025483116508,
      0.0013325253743678332,
      0.0013947363586630673,
      0.0014289100954774767,
      0.001483878203202039,
      0.001542904278030619,
      0.001562477256404236,
      0.001605471360962838,
      0.001614986898843199,
      0.0016469880994409323,
      0.0016827183698769658,
      0.0016902534205000847,
      0.0017604440711438657,
      0.0017238524053245783,
      0.001773770018480718,
      0.0018715576534159481
    ],
    "train_acc": [
      50.11875,
      67.646875,
      77.60625,
      87.115625,
      94.609375,
      98.934375,
      99.778125,
      99.94375,
      99.996875,
      99.99375,
      100.0,
      100.0,
      100.0,
      100.0,
      100.0,
      100.0,
      100.0,
      100.0,
      100.0,
      100.0,
      100.0,
      100.0,
      100.0,
      100.0,
      100.0,
      100.0,
      100.0,
      100.0,
      100.0,
      100.0,
      100.0,
      100.0,
      100.0,
      100.0,
      100.0,
      100.0,
      100.0,
      100.0
    ],
    "test_loss": [
      1.2651624431212742,
      1.0634933809439342,
      0.9652941321333249,
      0.8040750617782275,
      0.8621307576696078,
      1.1753079580763977,
      1.1559072365363439,
      1.1460061120490233,
      1.206194853782654,
      1.17134873320659,
      1.2060806227227052,
      1.2226906657218932,
      1.2217340029776096,
      1.2166955726842086,
      1.2031382737060388,
      1.1892054225007693,
      1.1899696994572877,
      1.1739060295124848,
      1.16320462996761,
      1.1591539432605107,
      1.1492514731983343,
      1.1438163521389166,
      1.1388760363062223,
      1.12669763751328,
      1.1197992828985055,
      1.108099917943279,
      1.0998212079207101,
      1.0981957909961542,
      1.0902022202809651,
      1.0918601498007774,
      1.0835901089012623,
      1.086084137360255,
      1.0756466599802177,
      1.0766879091660182,
      1.0616505215565364,
      1.0626683755467334,
      1.0652583099901676,
      1.0917183650036653
    ],
    "test_acc": [
      55.28333333333333,
      62.233333333333334,
      66.83333333333333,
      72.81666666666666,
      73.15,
      69.78333333333333,
      72.75,
      74.13333333333334,
      74.63333333333334,
      75.33333333333333,
      75.8,
      75.68333333333334,
      75.91666666666667,
      76.1,
      76.03333333333333,
      75.78333333333333,
      76.06666666666666,
      76.05,
      76.2,
      76.08333333333333,
      76.28333333333333,
      76.05,
      76.21666666666667,
      76.03333333333333,
      76.28333333333333,
      76.21666666666667,
      76.38333333333334,
      75.95,
      76.18333333333334,
      76.41666666666667,
      76.25,
      76.23333333333333,
      76.13333333333334,
      76.51666666666667,
      76.28333333333333,
      76.11666666666666,
      76.36666666666666,
      75.61666666666666
    ]
  }
}