{
  "config": {
    "run_name": "exp1_1_L16_K32",
    "out_dir": "./results",
    "seed": 193081253,
    "device": null,
    "bs_train": 128,
    "bs_test": 50,
    "batches": 250,
    "epochs": 100,
    "early_stopping": 5,
    "checkpoints": null,
    "lr": 0.01,
    "reg": 0.0005,
    "filters_per_layer": [
      32
    ],
    "pool_every": 2,
    "hidden_dims": [
      1024
    ],
    "model_type": "cnn",
    "kw": {},
    "layers_per_block": 16
  },
  "results": {
    "num_epochs": 100,
    "train_loss": [
      2.302897371292114,
      2.30279616355896,
      2.302811812400818,
      2.302797408103943,
      2.30283306312561,
      2.3027806310653687,
      2.3028027839660643,
      2.302774621963501,
      2.30273429107666,
      2.3027559490203857,
      2.3027633543014527,
      2.3027865142822264,
      2.302786337852478,
      2.302758044242859,
      2.3027375173568725,
      2.302837017059326,
      2.30266970539093,
      2.3027283391952516,
      2.3027695178985597,
      2.3027026281356813,
      2.302757405281067,
      2.302740791320801,
      2.302692568778992,
      2.302704355239868,
      2.3027112159729004,
      2.30272829246521,
      2.3027601556777952,
      2.30277414894104,
      2.302736258506775,
      2.3027377872467043,
      2.3027639875411987,
      2.3027176723480225,
      2.302819398880005,
      2.3027083501815797,
      2.302750841140747,
      2.3027847480773924,
      2.3027316493988037,
      2.3027477731704713,
      2.3027392892837524,
      2.3027298555374145,
      2.3027604637145997,
      2.3027286281585693,
      2.3027392196655274,
      2.3027660160064696,
      2.3027574338912964,
      2.302767774581909,
      2.3027499847412107,
      2.3027337808609007,
      2.3027270278930665,
      2.3026922197341917,
      2.302781771659851,
      2.30273726272583,
      2.3027149505615236,
      2.3027738151550294,
      2.302712465286255,
      2.3027782535552976,
      2.3027439508438112,
      2.3027500333786013,
      2.3027224836349487,
      2.302766797065735,
      2.3027578773498534,
      2.302667332649231,
      2.3027669353485107,
      2.302790299415588,
      2.3027498178482055,
      2.302709658622742,
      2.302726216316223,
      2.3027761926651,
      2.30275320148468,
      2.302773549079895,
      2.3027283306121826,
      2.302768090248108,
      2.3027379398345946,
      2.3027101831436156,
      2.3027480754852294,
      2.3027371320724486,
      2.302739411354065,
      2.3026899185180665,
      2.3027182159423827,
      2.302794228553772,
      2.302741352081299,
      2.3027124853134153,
      2.302749336242676,
      2.3027333431243897,
      2.3027601432800293,
      2.3026932344436646,
      2.302807825088501,
      2.3027535247802735,
      2.302740149497986,
      2.302767803192139,
      2.3027261934280396,
      2.3027426452636717,
      2.3027299728393555,
      2.302738809585571,
      2.3027926807403563,
      2.302743028640747,
      2.302791612625122,
      2.3027377758026124,
      2.3027040758132933,
      2.3027389841079713
    ],
    "train_acc": [
      9.865625,
      9.965625,
      10.065625,
      10.0125,
      9.884375,
      9.88125,
      9.890625,
      9.915625,
      10.0125,
      9.909375,
      9.85625,
      9.76875,
      9.975,
      9.91875,
      9.85625,
      9.9,
      10.1375,
      10.06875,
      9.878125,
      9.98125,
      9.95625,
      10.0375,
      10.121875,
      9.746875,
      10.028125,
      9.978125,
      9.890625,
      9.9875,
      9.8875,
      10.003125,
      9.95625,
      9.840625,
      9.95625,
      9.94375,
      9.78125,
      9.896875,
      9.896875,
      9.784375,
      9.984375,
      10.003125,
      9.853125,
      10.0125,
      9.9875,
      9.75,
      9.928125,
      9.875,
      9.809375,
      9.965625,
      10.0125,
      10.19375,
      10.065625,
      10.021875,
      10.096875,
      10.078125,
      10.053125,
      9.940625,
      9.859375,
      9.975,
      9.784375,
      9.9125,
      9.890625,
      9.934375,
      9.9375,
      9.721875,
      9.875,
      10.09375,
      9.9625,
      9.95625,
      10.021875,
      9.80625,
      9.94375,
      9.90625,
      10.0125,
      10.05625,
      9.98125,
      9.934375,
      10.009375,
      10.053125,
      10.14375,
      9.98125,
      9.903125,
      9.875,
      9.784375,
      10.028125,
      9.9375,
      10.134375,
      9.86875,
      9.8125,
      9.81875,
      10.0375,
      9.89375,
      9.80625,
      9.975,
      9.76875,
      9.725,
      9.86875,
      9.825,
      10.00625,
      10.1,
      9.99375
    ],
    "test_loss": [
      2.3025677939256033,
      2.3027388632297514,
      2.302690291404724,
      2.3026339292526243,
      2.3026433030764264,
      2.302567507823308,
      2.302650890747706,
      2.3026721656322477,
      2.302773654460907,
      2.3025780518849692,
      2.302609972159068,
      2.302799218893051,
      2.302690653006236,
      2.30281670888265,
      2.302788649002711,
      2.302616693576177,
      2.3026732325553896,
      2.3026813586552937,
      2.3026315669218698,
      2.3027436594168345,
      2.3025819957256317,
      2.302557603518168,
      2.3026906828085583,
      2.302793977657954,
      2.302746363480886,
      2.302824056148529,
      2.302680440743764,
      2.3024875104427336,
      2.3026308178901673,
      2.302649762233098,
      2.302608652909597,
      2.302698242664337,
      2.3026012659072874,
      2.3028267085552216,
      2.3025935153166452,
      2.3026406347751616,
      2.3027388294537863,
      2.3025582512219747,
      2.3026285747687023,
      2.30263215303421,
      2.302576897541682,
      2.30268138051033,
      2.3025691866874696,
      2.3026572088400523,
      2.3027400434017182,
      2.302572242418925,
      2.3025247275829317,
      2.302670383453369,
      2.3026389360427855,
      2.3027591009934745,
      2.3025472164154053,
      2.3026677052179974,
      2.302647670110067,
      2.3026002287864684,
      2.302688304583232,
      2.302769458293915,
      2.302555940548579,
      2.3025923907756805,
      2.302617828051249,
      2.302627656857173,
      2.3026274402936298,
      2.302629139026006,
      2.302580370505651,
      2.3027189711729688,
      2.3025787572065988,
      2.3025831202665965,
      2.3027009824911753,
      2.302849100033442,
      2.302624197800954,
      2.302559558550517,
      2.302571201324463,
      2.3026493450005847,
      2.302631934483846,
      2.3025599161783856,
      2.30267818570137,
      2.3025544901688892,
      2.3026328762372335,
      2.302698137362798,
      2.3029880623022714,
      2.3027555624643963,
      2.3026242434978483,
      2.3025980830192565,
      2.3026587148507436,
      2.302658567825953,
      2.3026557703812918,
      2.3026573717594148,
      2.302671800057093,
      2.3027157465616863,
      2.30255228082339,
      2.3026615977287292,
      2.302652057011922,
      2.3026585559050243,
      2.302665090560913,
      2.3026677310466765,
      2.3026304523150127,
      2.302604240179062,
      2.302638187011083,
      2.302551358938217,
      2.3026338716348014,
      2.3025471846262615
    ],