{
  "config": {
    "run_name": "exp1_1_L8_K32",
    "out_dir": "./results",
    "seed": 1154582280,
    "device": null,
    "bs_train": 128,
    "bs_test": 50,
    "batches": 250,
    "epochs": 100,
    "early_stopping": 5,
    "checkpoints": null,
    "lr": 0.01,
    "reg": 0.0005,
    "filters_per_layer": [
      32
    ],
    "pool_every": 2,
    "hidden_dims": [
      1024
    ],
    "model_type": "cnn",
    "kw": {},
    "layers_per_block": 8
  },
  "results": {
    "num_epochs": 21,
    "train_loss": [
      2.302911791801453,
      2.3027791900634766,
      2.302771628379822,
      2.3026991710662843,
      2.3019458541870117,
      2.0467873458862305,
      1.813211443901062,
      1.6898111209869384,
      1.584504641532898,
      1.4389928274154664,
      1.2784317212104797,
      1.1297336394786834,
      0.9303783543109894,
      0.6817413975000381,
      0.38770057904720306,
      0.18490031096339227,
      0.09122028650343418,
      0.048115309804677965,
      0.024579323595389724,
      0.018496045151725413,
      0.011605928926728666
    ],
    "train_acc": [
      9.74375,
      9.975,
      10.0875,
      9.76875,
      10.2875,
      24.678125,
      34.003125,
      38.203125,
      42.703125,
      48.16875,
      53.884375,
      59.603125,
      67.525,
      77.25,
      88.496875,
      95.5625,
      98.334375,
      99.340625,
      99.7875,
      99.821875,
      99.9375
    ],
    "test_loss": [
      2.30272093017896,
      2.3026344160238903,
      2.3025912682215375,
      2.3025659481684366,
      2.2988782842954,
      1.9841312597195306,
      1.8017728527386982,
      1.6284972141186396,
      1.634461177388827,
      1.431684759259224,
      1.3585068255662918,
      1.2793336629867553,
      1.2271514599521955,
      1.2677945137023925,
      1.5440917298197747,
      1.837030595044295,
      2.0187848220268885,
      2.09171460767587,
      2.4104854007562,
      2.2754214202364285,
      2.548847292860349
    ],
    "test_acc": [
      10.2,
      10.2,
      10.2,
      10.05,
      9.933333333333334,
      29.966666666666665,
      36.083333333333336,
      41.15,
      43.05,
      48.31666666666667,
      51.666666666666664,
      53.63333333333333,
      56.583333333333336,
      56.93333333333333,
      56.666666666666664,
      55.25,
      56.43333333333333,
      57.4,
      56.233333333333334,
      58.75,
      57.61666666666667
    ]
  }
}