{
  "config": {
    "run_name": "exp1_3_L4_K64-128",
    "out_dir": "./results",
    "seed": 700519476,
    "device": null,
    "bs_train": 128,
    "bs_test": 50,
    "batches": 250,
    "epochs": 100,
    "early_stopping": 5,
    "checkpoints": null,
    "lr": 0.01,
    "reg": 0.0005,
    "filters_per_layer": [
      64,
      128
    ],
    "pool_every": 2,
    "hidden_dims": [
      1024
    ],
    "model_type": "cnn",
    "kw": {},
    "layers_per_block": 4
  },
  "results": {
    "num_epochs": 17,
    "train_loss": [
      2.3028286590576172,
      2.3026839742660523,
      2.301260308265686,
      1.9940449810028076,
      1.8019550623893739,
      1.650361853122711,
      1.5411376099586487,
      1.3695010986328124,
      1.2058052387237548,
      1.0203406944274902,
      0.772795526266098,
      0.4878242118358612,
      0.23191953018307687,
      0.09586121305823327,
      0.04631575819477439,
      0.020396759314462543,
      0.014174955535680055
    ],
    "train_acc": [
      9.809375,
      9.94375,
      11.2375,
      27.221875,
      34.225,
      40.1375,
      44.828125,
      50.625,
      56.596875,
      64.15625,
      73.728125,
      84.615625,
      94.225,
      98.221875,
      99.40625,
      99.853125,
      99.915625
    ],
    "test_loss": [
      2.302681652704875,
      2.302502812941869,
      2.2896041691303255,
      1.8624128570159277,
      1.7999872793753942,
      1.6110482384761176,
      1.511005104581515,
      1.3686645825703938,
      1.263522469997406,
      1.2361051221688588,
      1.212809936205546,
      1.3423462217052777,
      1.4926568513115248,
      1.7221274519960086,
      1.882712068160375,
      2.0701043263077734,
      2.1908016512791315
    ],
    "test_acc": [
      10.2,
      10.05,
      18.216666666666665,
      32.983333333333334,
      34.05,
      41.63333333333333,
      45.53333333333333,
      50.28333333333333,
      54.63333333333333,
      56.36666666666667,
      58.13333333333333,
      57.35,
      59.78333333333333,
      58.7,
      58.666666666666664,
      59.416666666666664,
      59.03333333333333
    ]
  }
}