{
  "config": {
    "run_name": "exp1_3_L2_K64-128",
    "out_dir": "./results",
    "seed": 1843623290,
    "device": null,
    "bs_train": 128,
    "bs_test": 50,
    "batches": 250,
    "epochs": 100,
    "early_stopping": 5,
    "checkpoints": null,
    "lr": 0.01,
    "reg": 0.0005,
    "filters_per_layer": [
      64,
      128
    ],
    "pool_every": 2,
    "hidden_dims": [
      1024
    ],
    "model_type": "cnn",
    "kw": {},
    "layers_per_block": 2
  },
  "results": {
    "num_epochs": 100,
    "train_loss": [
      2.056855486392975,
      1.6144700903892517,
      1.4490344848632812,
      1.3246423077583314,
      1.212562445640564,
      1.0929093737602233,
      0.9547095324993133,
      0.7936820914745331,
      0.6133301098346711,
      0.4243536161184311,
      0.25927136874198914,
      0.14646442514657973,
      0.07471181505918503,
      0.04665565420687199,
      0.029870283268392087,
      0.025232154563069344,
      0.018783092800527812,
      0.011924454497173428,
      0.007892265025526285,
      0.007008264777250588,
      0.005381559802219272,
      0.004383472409099341,
      0.0031408017082139848,
      0.002726496592629701,
      0.0012321190991206096,
      0.0009597598356194795,
      0.0006047328606946393,
      0.00046606845612404867,
      0.0008135818368173205,
      0.0003788435765891336,
      0.00034236851829336955,
      0.00035333514981903134,
      0.0003781705572037026,
      0.0004170257041114382,
      0.0004435381991788745,
      0.0004763767169206403,
      0.0005080696953227744,
      0.0005363321889890358,
      0.0005698860042029992,
      0.0005975289350608363,
      0.0006194670943077653,
      0.0006428155843168497,
      0.0006665748275117948,
      0.0006974864286603406,
      0.0007116883418057114,
      0.0007357335331616923,
      0.0007606147126061842,
      0.0008035202834289521,
      0.0012189798934850841,
      0.025596186896786093,
      0.01922439575754106,
      0.019898550575599073,
      0.012882030776701867,
      0.010574187448248267,
      0.008369747241493315,
      0.006383529623039067,
      0.006391364042181521,
      0.004556191360577941,
      0.005517488134093583,
      0.0027451962255872786,
      0.0020055616815807297,
      0.0018105477209901437,
      0.0006101908065611496,
      0.00030166205076966436,
      0.0002492146031581797,
      0.0002603396461927332,
      0.00028391939419088885,
      0.00030929648416349665,
      0.0003341968174208887,
      0.0003615286051062867,
      0.00038860178831964733,
      0.0004181237980374135,
      0.0004463665704242885,
      0.00047617751255165785,
      0.0005007581597892567,
      0.0005275014354847371,
      0.0005564481597393751,
      0.0005802750170696527,
      0.0006076438697054982,
      0.0006329264731612057,
      0.0006602089233929291,
      0.0006867755262646824,
      0.0007120806477032602,
      0.0007440290889935568,
      0.0007545470530167222,
      0.0007703281898284331,
      0.0007971809215378017,
      0.000805498808156699,
      0.0008243637287523597,
      0.0008357382675167173,
      0.0008471730536548421,
      0.0008755510821938515,
      0.000987368752947077,
      0.0009087836206890643,
      0.04965951186325401,
      0.03921253472566605,
      0.02017462281510234,
      0.009818144178949297,
      0.008165762421675027,
      0.004788431180175394
    ],
    "train_acc": [
      24.24375,
      42.25,
      47.98125,
      52.5875,
      56.875,
      60.9875,
      66.290625,
      72.421875,
      79.309375,
      86.546875,
      92.565625,
      96.540625,
      98.571875,
      99.334375,
      99.646875,
      99.7125,
      99.85,
      99.903125,
      99.940625,
      99.975,
      99.984375,
      99.984375,
      99.99375,
      99.9875,
      99.99375,
      99.996875,
      99.996875,
      99.99375,
      99.99375,
      100.0,
      100.0,
      100.0,
      100.0,
      100.0,
      100.0,
      100.0,
      100.0,
      100.0,
      100.0,
      100.0,
      100.0,
      100.0,
      100.0,
      100.0,
      100.0,
      100.0,
      100.0,
      100.0,
      100.0,
      99.890625,
      99.953125,
      99.93125,
      99.965625,
      99.975,
      99.975,
      99.9875,
      99.9875,
      99.990625,
      99.975,
      99.996875,
      99.996875,
      100.0,
      100.0,
      100.0,
      100.0,
      100.0,
      100.0,
      100.0,
      100.0,
      100.0,
      100.0,
      100.0,
      100.0,
      100.0,
      100.0,
      100.0,
      100.0,
      100.0,
      100.0,
      100.0,
      100.0,
      100.0,
      100.0,
      100.0,
      100.0,
      100.0,
      100.0,
      100.0,
      100.0,
      100.0,
      100.0,
      100.0,
      100.0,
      100.0,
      99.653125,
      99.8125,
      99.934375,
      99.990625,
      99.99375,
      99.996875
    ],
    "test_loss": [
      1.7786924888690312,
      1.5127482016881306,
      1.4221451212962468,
      1.3663162087400755,
      1.2846022879083951,
      1.2145636995633444,
      1.1799472664793333,
      1.217863209048907,
      1.1825943062702815,
      1.3121838678916296,
      1.4959976280728975,
      1.6751489415764809,
      1.6476004446546237,
      1.9776041502753894,
      2.1185237129529315,
      1.9901587824026743,
      2.1132381106416385,
      2.2426578680674236,
      2.45249742269516,
      2.3103112081686654,
      2.3669460395971935,
      2.46489780296882,
      2.5601624210675555,
      2.4394339710474013,
      2.4370582898457847,
      2.4781809230645497,
      2.4798378894726434,
      2.461749550700188,
      2.408302800854047,
      2.3890206118424735,
      2.362406787276268,
      2.335670456290245,
      2.3169124205907186,
      2.298697895805041,
      2.285368483265241,
      2.273446020483971,
      2.265605302651723,
      2.26569786965847,
      2.256304977834225,
      2.2539833088715873,
      2.2537063469489413,
      2.249000480771065,
      2.246229414145152,
      2.2546440452337264,
      2.249992184340954,
      2.2506365199883778,
      2.2557333275675773,
      2.264797817667325,
      2.230865493416786,
      1.8371264517307282,
      1.884149583677451,
      1.8688918391863505,
      2.03852752049764,
      2.0676770359277725,
      2.10018076300621,
      2.197957322001457,
      2.181855685512225,
      2.36244421005249,
      2.336728110909462,
      2.3256287798285484,
      2.4859625726938246,
      2.4001485546429953,
      2.4084789037704466,
      2.348993070423603,
      2.3106686621904373,
      2.269535818696022,
      2.2389343584577244,
      2.2085459063450497,
      2.1885205755631127,
      2.1661410028735797,
      2.1530437797307966,
      2.1407470082243285,
      2.129644159972668,
      2.121806952357292,
      2.1145516951878864,
      2.1123076806465786,
      2.1026811679204305,
      2.103337274491787,
      2.099846201141675,
      2.0944832012057306,
      2.101772981882095,
      2.093084300061067,
      2.1036368841926256,
      2.0967211037874223,
      2.1005314126610757,
      2.0929037431875863,
      2.10369347234567,
      2.106440244615078,
      2.1046052167812985,
      2.107823520898819,
      2.1063553154468537,
      2.1111623058716456,
      2.106194124619166,
      2.1301036814848584,
      1.7162263323863347,
      1.601944371064504,
      1.8163992131749789,
      1.9753960390885672,
      2.055256299674511,
      2.1043659235040346
    ],