{
  "config": {
    "run_name": "exp1_1_L2_K32",
    "out_dir": "./results",
    "seed": 177074537,
    "device": null,
    "bs_train": 128,
    "bs_test": 50,
    "batches": 250,
    "epochs": 100,
    "early_stopping": 5,
    "checkpoints": null,
    "lr": 0.01,
    "reg": 0.0005,
    "filters_per_layer": [
      32
    ],
    "pool_every": 2,
    "hidden_dims": [
      1024
    ],
    "model_type": "cnn",
    "kw": {},
    "layers_per_block": 2
  },
  "results": {
    "num_epochs": 15,
    "train_loss": [
      1.9374933319091796,
      1.5648807744979858,
      1.4147590837478639,
      1.2914806351661683,
      1.1926708648204802,
      1.1016605443954468,
      1.0089231004714967,
      0.9127008979320526,
      0.8068456420898438,
      0.702013099193573,
      0.5874596418142318,
      0.46524128901958467,
      0.3484534267783165,
      0.2487560886144638,
      0.17277048337459563
    ],
    "train_acc": [
      29.9125,
      44.03125,
      49.3375,
      54.009375,
      57.553125,
      61.028125,
      64.534375,
      67.921875,
      72.146875,
      75.896875,
      80.6625,
      85.05625,
      89.584375,
      93.146875,
      95.83125
    ],
    "test_loss": [
      1.662870517373085,
      1.5058611075083415,
      1.3810683220624924,
      1.3285943994919458,
      1.3114776055018107,
      1.2131425658861796,
      1.2088918437560399,
      1.1438870216409365,
      1.167793523768584,
      1.1651760617891946,
      1.2309458896517753,
      1.2022648612658182,
      1.2343743607401847,
      1.3525149643421173,
      1.518135743836562
    ],
    "test_acc": [
      41.68333333333333,
      46.483333333333334,
      51.28333333333333,
      52.86666666666667,
      53.5,
      56.71666666666667,
      56.81666666666667,
      59.483333333333334,
      58.8,
      60.7,
      59.96666666666667,
      61.61666666666667,
      61.1,
      61.38333333333333,
      61.0
    ]
  }
}