{
  "config": {
    "run_name": "exp1_2_L4_K64",
    "out_dir": "./results",
    "seed": 1632904200,
    "device": null,
    "bs_train": 128,
    "bs_test": 50,
    "batches": 250,
    "epochs": 100,
    "early_stopping": 5,
    "checkpoints": null,
    "lr": 0.01,
    "reg": 0.0005,
    "filters_per_layer": [
      64
    ],
    "pool_every": 2,
    "hidden_dims": [
      1024
    ],
    "model_type": "cnn",
    "kw": {},
    "layers_per_block": 4
  },
  "results": {
    "num_epochs": 20,
    "train_loss": [
      2.0302294249534607,
      1.5989292426109314,
      1.4459713892936708,
      1.32386243724823,
      1.2132124326229095,
      1.0990199670791625,
      0.9702853412628174,
      0.8215820415019989,
      0.6671939512491226,
      0.47571850872039795,
      0.2916582224369049,
      0.1800750177204609,
      0.1027873342782259,
      0.06533340895920992,
      0.04044889058917761,
      0.025327514875680208,
      0.02005950254201889,
      0.012066911717876792,
      0.011584431560710073,
      0.008132287708111108
    ],
    "train_acc": [
      25.259375,
      42.321875,
      48.134375,
      52.2375,
      56.55625,
      60.996875,
      65.9,
      71.334375,
      77.13125,
      84.4875,
      91.503125,
      95.478125,
      97.75625,
      98.88125,
      99.434375,
      99.7375,
      99.765625,
      99.890625,
      99.915625,
      99.96875
    ],
    "test_loss": [
      1.7539963165918986,
      1.5252625236908595,
      1.4441643218199411,
      1.343454862634341,
      1.2802458827694256,
      1.2187689358989398,
      1.3407946507136026,
      1.1926740402976672,
      1.1405203476548196,
      1.2056354025999705,
      1.3828435550133387,
      1.5439157669742902,
      1.788379368185997,
      1.759858733912309,
      1.828492915133635,
      2.0534847637017566,
      2.1146381561954817,
      2.2942139327526094,
      2.2090097119410834,
      2.381667004028956
    ],
    "test_acc": [
      36.85,
      44.93333333333333,
      48.03333333333333,
      52.416666666666664,
      54.15,
      57.0,
      53.016666666666666,
      58.516666666666666,
      60.5,
      61.75,
      59.233333333333334,
      60.666666666666664,
      59.03333333333333,
      60.43333333333333,
      61.083333333333336,
      61.25,
      61.666666666666664,
      60.75,
      62.166666666666664,
      61.55
    ]
  }
}