{
  "config": {
    "run_name": "exp1_1_L2_K64",
    "out_dir": "./results",
    "seed": 1600337924,
    "device": null,
    "bs_train": 128,
    "bs_test": 50,
    "batches": 250,
    "epochs": 100,
    "early_stopping": 5,
    "checkpoints": null,
    "lr": 0.01,
    "reg": 0.0005,
    "filters_per_layer": [
      64
    ],
    "pool_every": 2,
    "hidden_dims": [
      1024
    ],
    "model_type": "cnn",
    "kw": {},
    "layers_per_block": 2
  },
  "results": {
    "num_epochs": 16,
    "train_loss": [
      1.8917407422065735,
      1.541138768196106,
      1.38521124458313,
      1.2638457572460176,
      1.151966264486313,
      1.0462903218269348,
      0.9335822677612304,
      0.8327275269031524,
      0.7162183368206024,
      0.5985667527914047,
      0.4686725981235504,
      0.3562710094451904,
      0.2507800731062889,
      0.17030913624167443,
      0.11372340804338456,
      0.07594380651414394
    ],
    "train_acc": [
      31.778125,
      45.45,
      50.625,
      55.11875,
      59.4375,
      63.0,
      67.178125,
      71.034375,
      75.578125,
      79.925,
      84.89375,
      89.140625,
      93.103125,
      95.859375,
      97.728125,
      98.834375
    ],
    "test_loss": [
      1.6426268468300502,
      1.4637862314780554,
      1.3533983568350474,
      1.286373022198677,
      1.200117955605189,
      1.1857961465915043,
      1.1557074750463168,
      1.1184587662418684,
      1.1247828885912896,
      1.101940743625164,
      1.2265552446246146,
      1.281182879706224,
      1.3082676142454148,
      1.4506448601682982,
      1.5330848102768262,
      1.6578234473864237
    ],
    "test_acc": [
      42.416666666666664,
      48.583333333333336,
      52.38333333333333,
      54.1,
      57.233333333333334,
      57.68333333333333,
      59.483333333333334,
      60.9,
      61.516666666666666,
      62.63333333333333,
      60.88333333333333,
      61.96666666666667,
      62.35,
      62.2,
      62.833333333333336,
      62.53333333333333
    ]
  }
}