{
  "config": {
    "run_name": "exp1_2_L2_K64",
    "out_dir": "./results",
    "seed": 319797758,
    "device": null,
    "bs_train": 128,
    "bs_test": 50,
    "batches": 250,
    "epochs": 100,
    "early_stopping": 5,
    "checkpoints": null,
    "lr": 0.01,
    "reg": 0.0005,
    "filters_per_layer": [
      64
    ],
    "pool_every": 2,
    "hidden_dims": [
      1024
    ],
    "model_type": "cnn",
    "kw": {},
    "layers_per_block": 2
  },
  "results": {
    "num_epochs": 17,
    "train_loss": [
      1.8913196082115173,
      1.5301543579101562,
      1.344097004890442,
      1.225530014514923,
      1.0913800802230835,
      0.9838127191066742,
      0.8640633256435394,
      0.7404247230291366,
      0.6129478478431701,
      0.4780346010923386,
      0.34442434549331663,
      0.24127480798959733,
      0.1554968068897724,
      0.09587776091694832,
      0.055847721144557,
      0.036090120762586594,
      0.02142048613354564
    ],
    "train_acc": [
      31.4,
      45.284375,
      52.078125,
      56.103125,
      61.1625,
      65.503125,
      69.75,
      74.428125,
      79.271875,
      84.490625,
      89.75,
      93.625,
      96.5125,
      98.371875,
      99.28125,
      99.69375,
      99.859375
    ],
    "test_loss": [
      1.6240151474873226,
      1.4593896090984344,
      1.3284378826618195,
      1.2303879315654436,
      1.1779977887868882,
      1.1463196287552515,
      1.1450819929440816,
      1.1047106777628264,
      1.114672571917375,
      1.1180937379598617,
      1.2164404039581618,
      1.2989741643269856,
      1.4223350723584494,
      1.4851774076620738,
      1.5997888545195262,
      1.696200522283713,
      1.7771002332369485
    ],
    "test_acc": [
      41.25,
      47.68333333333333,
      52.233333333333334,
      56.13333333333333,
      58.53333333333333,
      60.016666666666666,
      59.71666666666667,
      61.81666666666667,
      62.5,
      63.766666666666666,
      62.666666666666664,
      63.6,
      63.5,
      64.1,
      63.95,
      64.63333333333334,
      63.86666666666667
    ]
  }
}