{
  "config": {
    "run_name": "exp1_2_L8_K32",
    "out_dir": "./results",
    "seed": 250508732,
    "device": null,
    "bs_train": 128,
    "bs_test": 50,
    "batches": 250,
    "epochs": 100,
    "early_stopping": 5,
    "checkpoints": null,
    "lr": 0.01,
    "reg": 0.0005,
    "filters_per_layer": [
      32
    ],
    "pool_every": 2,
    "hidden_dims": [
      1024
    ],
    "model_type": "cnn",
    "kw": {},
    "layers_per_block": 8
  },
  "results": {
    "num_epochs": 22,
    "train_loss": [
      2.3028236513137816,
      2.302748888015747,
      2.30272393989563,
      2.302260184288025,
      2.0865275077819825,
      1.8136134843826295,
      1.6729102940559388,
      1.552804301738739,
      1.4229151191711427,
      1.2717303757667542,
      1.110281238079071,
      0.9256909432411193,
      0.7067539026737213,
      0.44994432872533796,
      0.22855631813406943,
      0.0960282347947359,
      0.05304909877851605,
      0.03190640675276518,
      0.02244461265578866,
      0.01336116050556302,
      0.00906763172801584,
      0.007183594532310962
    ],
    "train_acc": [
      9.8375,
      9.98125,
      9.940625,
      10.55625,
      23.353125,
      34.696875,
      40.003125,
      44.253125,
      48.721875,
      54.065625,
      60.278125,
      67.465625,
      75.809375,
      86.125,
      93.978125,
      98.265625,
      99.284375,
      99.6625,
      99.78125,
      99.9375,
      99.95,
      99.959375
    ],
    "test_loss": [
      2.3027092655499777,
      2.302541850010554,
      2.302439926067988,
      2.3006449222564695,
      1.9345200409491856,
      1.8326611200968423,
      1.6699892640113831,
      1.5400228778521219,
      1.4503426373004913,
      1.3086675057808559,
      1.2685168951749801,
      1.2335410704215368,
      1.2420830537875494,
      1.2965755557020506,
      1.6448281327883403,
      1.86332678347826,
      1.8540056556463242,
      2.101913206775983,
      2.2753204882144926,
      2.3180029094219208,
      2.3272739107410114,
      2.7350891828536987
    ],
    "test_acc": [
      10.05,
      9.933333333333334,
      10.4,
      15.983333333333333,
      30.166666666666668,
      33.95,
      40.483333333333334,
      43.95,
      47.733333333333334,
      51.85,
      55.53333333333333,
      57.13333333333333,
      57.21666666666667,
      58.8,
      56.35,
      57.18333333333333,
      56.483333333333334,
      55.11666666666667,
      57.36666666666667,
      58.56666666666667,
      58.666666666666664,
      57.71666666666667
    ]
  }
}