{
  "config": {
    "run_name": "exp1_1_L4_K64",
    "out_dir": "./results",
    "seed": 329231652,
    "device": null,
    "bs_train": 128,
    "bs_test": 50,
    "batches": 250,
    "epochs": 100,
    "early_stopping": 5,
    "checkpoints": null,
    "lr": 0.01,
    "reg": 0.0005,
    "filters_per_layer": [
      64
    ],
    "pool_every": 2,
    "hidden_dims": [
      1024
    ],
    "model_type": "cnn",
    "kw": {},
    "layers_per_block": 4
  },
  "results": {
    "num_epochs": 18,
    "train_loss": [
      2.098352649688721,
      1.6274391303062439,
      1.460216634273529,
      1.3491850175857545,
      1.22536154794693,
      1.106203460931778,
      0.962660249710083,
      0.7956062822341919,
      0.6230200572013855,
      0.43233426797389984,
      0.26586394506692884,
      0.14763388904929162,
      0.08618916895240546,
      0.05113827583193779,
      0.036135932195931676,
      0.022331461530178787,
      0.015433598613366484,
      0.010962062992155552
    ],
    "train_acc": [
      22.20625,
      41.615625,
      47.703125,
      51.871875,
      56.421875,
      60.55625,
      66.00625,
      72.2375,
      79.025,
      86.46875,
      92.38125,
      96.63125,
      98.428125,
      99.2125,
      99.546875,
      99.771875,
      99.890625,
      99.940625
    ],
    "test_loss": [
      1.8161320795615514,
      1.5630618492762247,
      1.4585051923990249,
      1.3741169859965643,
      1.2779463917016982,
      1.2593454991777737,
      1.1701332330703735,
      1.1871739019950232,
      1.1761902848879495,
      1.2776207248369853,
      1.4734937399625778,
      1.5147274831930797,
      1.8322687541445097,
      2.0342937062184014,
      2.0580299427111943,
      2.134306088089943,
      2.1729042808214825,
      2.458588734269142
    ],
    "test_acc": [
      34.7,
      44.2,
      47.6,
      52.016666666666666,
      53.7,
      54.78333333333333,
      57.86666666666667,
      58.4,
      60.61666666666667,
      60.88333333333333,
      58.81666666666667,
      60.53333333333333,
      58.8,
      61.016666666666666,
      61.083333333333336,
      61.13333333333333,
      60.63333333333333,
      60.65
    ]
  }
}