{
  "config": {
    "run_name": "exp1_2_L4_K128",
    "out_dir": "./results",
    "seed": 837321143,
    "device": null,
    "bs_train": 128,
    "bs_test": 50,
    "batches": 250,
    "epochs": 100,
    "early_stopping": 5,
    "checkpoints": null,
    "lr": 0.01,
    "reg": 0.0005,
    "filters_per_layer": [
      128
    ],
    "pool_every": 2,
    "hidden_dims": [
      1024
    ],
    "model_type": "cnn",
    "kw": {},
    "layers_per_block": 4
  },
  "results": {
    "num_epochs": 15,
    "train_loss": [
      2.01144286775589,
      1.5798892183303832,
      1.419534860610962,
      1.2992379260063172,
      1.1845221033096314,
      1.0431398606300355,
      0.8997434883117675,
      0.7285193610191345,
      0.5536776633262634,
      0.3624361025094986,
      0.213367174834013,
      0.11818455006182194,
      0.06697848957031965,
      0.04190904819220304,
      0.02774902914464474
    ],
    "train_acc": [
      25.978125,
      43.03125,
      49.09375,
      53.2625,
      57.7125,
      62.653125,
      68.35,
      74.734375,
      81.5625,
      88.925,
      94.3625,
      97.51875,
      98.9,
      99.428125,
      99.6875
    ],
    "test_loss": [
      1.7193659663200378,
      1.5083443065484365,
      1.4359775125980376,
      1.3524606222907702,
      1.222640286386013,
      1.2107643733421962,
      1.1233890995383262,
      1.1105730404456458,
      1.1930195540189743,
      1.3530972580115,
      1.4206336706876754,
      1.5491547500093779,
      1.701197661459446,
      1.8069964403907457,
      1.8158996095259985
    ],
    "test_acc": [
      38.3,
      46.483333333333334,
      48.95,
      51.06666666666667,
      56.06666666666667,
      56.75,
      60.016666666666666,
      61.666666666666664,
      60.06666666666667,
      60.3,
      62.21666666666667,
      62.3,
      61.95,
      61.85,
      62.233333333333334
    ]
  }
}