{
  "config": {
    "run_name": "exp1_4",
    "out_dir": "results_1.4_ES3",
    "seed": 2123210704,
    "device": null,
    "bs_train": 128,
    "bs_test": 50,
    "batches": 250,
    "epochs": 100,
    "early_stopping": 3,
    "checkpoints": null,
    "lr": 0.01,
    "reg": 0.0005,
    "filters_per_layer": [
      32
    ],
    "pool_every": 2,
    "hidden_dims": [
      1024
    ],
    "model_type": "resnet",
    "kw": {},
    "layers_per_block": 16
  },
  "results": {
    "num_epochs": 14,
    "train_loss": [
      1.543431562423706,
      1.0931935245990754,
      0.8680343279838562,
      0.695778291463852,
      0.5567609490156173,
      0.41871490812301637,
      0.2754720060825348,
      0.15547048151493073,
      0.08231033124029637,
      0.03823799722641706,
      0.022094378482550383,
      0.014796744890511035,
      0.009033348251134157,
      0.008768602055497468
    ],
    "train_acc": [
      43.1375,
      60.990625,
      69.209375,
      75.6375,
      80.85,
      86.275,
      91.759375,
      96.265625,
      98.6625,
      99.7125,
      99.903125,
      99.959375,
      99.9875,
      99.99375
    ],
    "test_loss": [
      1.3125106975436212,
      1.2198578452070554,
      1.0584091822306314,
      0.9163201875984669,
      0.8537395219008128,
      0.9242409830292065,
      0.8622294127941131,
      1.115376025189956,
      1.096658830344677,
      1.226411601404349,
      1.2736414094765982,
      1.281823385010163,
      1.3382865597804388,
      1.3499201133847236
    ],
    "test_acc": [
      52.35,
      56.31666666666667,
      63.516666666666666,
      68.31666666666666,
      71.03333333333333,
      70.15,
      72.53333333333333,
      70.13333333333334,
      70.56666666666666,
      72.5,
      72.48333333333333,
      73.25,
      73.9,
      72.88333333333334
    ]
  }
}