{
  "config": {
    "run_name": "exp1_1_L16_K64",
    "out_dir": "./results",
    "seed": 1364805404,
    "device": null,
    "bs_train": 128,
    "bs_test": 50,
    "batches": 250,
    "epochs": 100,
    "early_stopping": 5,
    "checkpoints": null,
    "lr": 0.01,
    "reg": 0.0005,
    "filters_per_layer": [
      64
    ],
    "pool_every": 2,
    "hidden_dims": [
      1024
    ],
    "model_type": "cnn",
    "kw": {},
    "layers_per_block": 16
  },
  "results": {
    "num_epochs": 100,
    "train_loss": [
      2.302823784828186,
      2.302806011199951,
      2.302767236709595,
      2.3027305889129637,
      2.302726523399353,
      2.3027834873199464,
      2.3028109560012817,
      2.3027360363006593,
      2.3027824516296387,
      2.3028028116226196,
      2.3027188968658447,
      2.3027785568237307,
      2.302753851890564,
      2.3027389497756956,
      2.3027261428833006,
      2.302744734764099,
      2.302741352081299,
      2.3028223361968996,
      2.3028000135421753,
      2.3027182874679566,
      2.302728833198547,
      2.3027419328689573,
      2.3027353458404543,
      2.3027771883010866,
      2.3027384300231932,
      2.302741433143616,
      2.302714199066162,
      2.3027591905593874,
      2.3027639331817626,
      2.3027314262390135,
      2.30272168636322,
      2.3027444200515745,
      2.3027449827194215,
      2.3027355461120607,
      2.3027508935928345,
      2.302702543258667,
      2.3027580070495604,
      2.3027715692520143,
      2.3027509841918947,
      2.302709955215454,
      2.302775541305542,
      2.3027293815612793,
      2.3027319078445436,
      2.302721739768982,
      2.3027265367507934,
      2.302777770996094,
      2.3027302923202515,
      2.302758315086365,
      2.302729790687561,
      2.302730121612549,
      2.3027396717071533,
      2.302749963760376,
      2.302714059829712,
      2.302781737327576,
      2.3027186613082886,
      2.302817155838013,
      2.302737855911255,
      2.30277127456665,
      2.3027797107696535,
      2.3027867155075072,
      2.302743712425232,
      2.302713653564453,
      2.302751585960388,
      2.3027098846435545,
      2.302775924682617,
      2.3027417364120484,
      2.302759289741516,
      2.30272399520874,
      2.302774446487427,
      2.3027293424606325,
      2.3027467727661133,
      2.3027396535873415,
      2.3027525072097776,
      2.3027484140396117,
      2.302768424987793,
      2.3027341232299805,
      2.302730004310608,
      2.302744688987732,
      2.3026981563568114,
      2.302748211860657,
      2.3027595529556275,
      2.302702657699585,
      2.3026998262405396,
      2.302784062385559,
      2.302706750869751,
      2.302725091934204,
      2.3027500371932983,
      2.302749691963196,
      2.30272571849823,
      2.3027843360900877,
      2.3027102003097535,
      2.3027741632461547,
      2.3027281665802004,
      2.302777814865112,
      2.3027285261154176,
      2.30276313495636,
      2.302795084953308,
      2.302701294898987,
      2.3027570905685426,
      2.302748734474182
    ],
    "train_acc": [
      9.75,
      9.84375,
      10.0375,
      10.071875,
      10.025,
      9.9375,
      9.734375,
      10.1875,
      9.96875,
      9.89375,
      9.996875,
      10.0625,
      9.75625,
      10.059375,
      10.146875,
      9.903125,
      10.034375,
      9.9625,
      9.853125,
      10.003125,
      9.915625,
      9.76875,
      9.903125,
      10.059375,
      10.084375,
      9.921875,
      9.875,
      9.828125,
      10.13125,
      9.965625,
      10.00625,
      9.965625,
      10.084375,
      9.89375,
      9.94375,
      10.090625,
      10.021875,
      10.009375,
      10.09375,
      9.99375,
      9.890625,
      10.2375,
      9.653125,
      10.015625,
      9.890625,
      10.03125,
      9.79375,
      9.9625,
      10.021875,
      9.98125,
      9.803125,
      9.890625,
      9.9625,
      9.85625,
      9.878125,
      9.925,
      10.0,
      10.071875,
      10.028125,
      9.971875,
      10.08125,
      9.990625,
      10.096875,
      9.803125,
      9.834375,
      9.9875,
      9.834375,
      9.715625,
      10.128125,
      9.8375,
      9.95,
      9.71875,
      9.934375,
      9.928125,
      10.13125,
      9.746875,
      9.946875,
      9.95625,
      10.125,
      9.7875,
      9.89375,
      10.015625,
      9.96875,
      9.940625,
      10.0875,
      9.740625,
      9.771875,
      10.05625,
      9.934375,
      10.003125,
      9.934375,
      10.071875,
      9.9625,
      9.909375,
      10.090625,
      9.93125,
      9.671875,
      10.103125,
      9.8375,
      10.075
    ],
    "test_loss": [
      2.3027759472529095,
      2.3025934636592864,
      2.3025643746058146,
      2.302666970094045,
      2.3026942034562428,
      2.302724132935206,
      2.3026314874490104,
      2.302668313185374,
      2.3026784479618074,
      2.3026716073354083,
      2.302550721168518,
      2.3027623196442923,
      2.3026890019575754,
      2.302724075317383,
      2.3026723682880403,
      2.30260325272878,
      2.302475297451019,
      2.3027457654476167,
      2.3026944577693937,
      2.302597254514694,
      2.302741535504659,
      2.302710396051407,
      2.3025526920954387,
      2.3026796519756316,
      2.3025238037109377,
      2.3025673190752665,
      2.302586625019709,
      2.3025838951269786,
      2.302608907222748,
      2.3025414049625397,
      2.3025889297326407,
      2.302678821484248,
      2.302631558974584,
      2.3026656369368235,
      2.3025811910629272,
      2.302662036816279,
      2.302655492226283,
      2.302669459581375,
      2.3026322960853576,
      2.3027379751205443,
      2.302715996901194,
      2.302645186583201,
      2.3025854806105297,
      2.3026186446348826,
      2.302728780110677,
      2.302623407046,
      2.3026434044043222,
      2.302569383382797,
      2.3025947709878287,
      2.302570229768753,
      2.3027430355548857,
      2.3028786877791085,
      2.3026377856731415,
      2.302582516272863,
      2.302618084351222,
      2.302720844745636,
      2.3025864998499554,
      2.302660119533539,
      2.3027633587519327,
      2.3028590540091196,
      2.3025062839190165,
      2.302762379248937,
      2.302571501334508,
      2.302655710776647,
      2.3025785108407337,
      2.30252073208491,
      2.302579190333684,
      2.30267027815183,
      2.302589100599289,
      2.3028032024701437,
      2.302618400255839,
      2.3026814421017963,
      2.302640575170517,
      2.302584699789683,
      2.302621004978816,
      2.302561420202255,
      2.302604768673579,
      2.3026200473308562,
      2.302631547053655,
      2.302633839845657,
      2.302559441328049,
      2.3027379631996157,
      2.3024953246116637,
      2.302623397111893,
      2.302747191985448,
      2.302565258741379,
      2.30262375275294,
      2.302706346909205,
      2.30265198747317,
      2.302806337674459,
      2.3028248647848764,
      2.302572516600291,
      2.3026539266109465,
      2.302575584252675,
      2.302561338742574,
      2.3026299834251405,
      2.3025629997253416,
      2.302776503562927,
      2.3026811281840005,
      2.3026621480782827
    ],