{
  "config": {
    "run_name": "exp1_2_L8_K128",
    "out_dir": "./results",
    "seed": 1848568801,
    "device": null,
    "bs_train": 128,
    "bs_test": 50,
    "batches": 250,
    "epochs": 100,
    "early_stopping": 5,
    "checkpoints": null,
    "lr": 0.01,
    "reg": 0.0005,
    "filters_per_layer": [
      128
    ],
    "pool_every": 2,
    "hidden_dims": [
      1024
    ],
    "model_type": "cnn",
    "kw": {},
    "layers_per_block": 8
  },
  "results": {
    "num_epochs": 24,
    "train_loss": [
      2.3028229303359984,
      2.302748915672302,
      2.302150980949402,
      2.0641225538253782,
      1.8132390899658204,
      1.6909843559265136,
      1.521433250427246,
      1.340847179889679,
      1.1703669090270996,
      0.9565779492855072,
      0.7002599797248841,
      0.38759924721717837,
      0.16268166130781173,
      0.06678459721803665,
      0.03486203577741981,
      0.01887119025364518,
      0.01186721440590918,
      0.008093291585333645,
      0.006660694314166903,
      0.00516358629707247,
      0.003306623868411407,
      0.00281449099839665,
      0.0021909382765879855,
      0.002094439938897267
    ],
    "train_acc": [
      10.115625,
      10.003125,
      10.353125,
      25.096875,
      33.68125,
      38.634375,
      45.1625,
      51.65,
      58.440625,
      66.4,
      76.48125,
      88.475,
      96.3875,
      99.015625,
      99.6375,
      99.86875,
      99.940625,
      99.9625,
      99.98125,
      99.9875,
      99.996875,
      99.99375,
      99.990625,
      99.996875
    ],
    "test_loss": [
      2.302569788694382,
      2.302489600578944,
      2.2997401475906374,
      1.878145170211792,
      1.7967092563708624,
      1.6420872618754705,
      1.4917545676231385,
      1.32957268456618,
      1.2216067244609197,
      1.2147650634249052,
      1.144835507373015,
      1.4623093341787656,
      1.5280781974395117,
      1.9037927170594533,
      1.8994157721598943,
      2.1866493433713914,
      2.171567917863528,
      2.2673850268125535,
      2.5072599897782006,
      2.5140525738398236,
      2.779633934299151,
      2.856200535098712,
      2.8765804807345075,
      2.9078942755858104
    ],
    "test_acc": [
      10.05,
      9.933333333333334,
      16.35,
      32.266666666666666,
      33.666666666666664,
      41.85,
      46.483333333333334,
      52.233333333333334,
      55.86666666666667,
      56.46666666666667,
      59.5,
      57.13333333333333,
      59.266666666666666,
      59.86666666666667,
      59.43333333333333,
      60.28333333333333,
      59.96666666666667,
      60.13333333333333,
      60.38333333333333,
      60.3,
      60.083333333333336,
      60.43333333333333,
      59.6,
      59.28333333333333
    ]
  }
}