{
  "config": {
    "run_name": "exp1_4",
    "out_dir": "results_1.4_ES3",
    "seed": 720727452,
    "device": null,
    "bs_train": 128,
    "bs_test": 50,
    "batches": 250,
    "epochs": 100,
    "early_stopping": 3,
    "checkpoints": null,
    "lr": 0.01,
    "reg": 0.0005,
    "filters_per_layer": [
      32
    ],
    "pool_every": 2,
    "hidden_dims": [
      1024
    ],
    "model_type": "resnet",
    "kw": {},
    "layers_per_block": 32
  },
  "results": {
    "num_epochs": 13,
    "train_loss": [
      1.7711965532302856,
      1.425991660118103,
      1.2413364441394805,
      1.0736634449958802,
      0.9356886231899262,
      0.8032099771499633,
      0.6741696339845658,
      0.545002611875534,
      0.39492854261398314,
      0.2546483913660049,
      0.14538784420490264,
      0.08469064663350583,
      0.04429244900494814
    ],
    "train_acc": [
      34.415625,
      48.334375,
      55.503125,
      61.79375,
      66.734375,
      71.709375,
      76.85,
      81.7875,
      87.571875,
      93.11875,
      96.9375,
      98.753125,
      99.64375
    ],
    "test_loss": [
      1.655136634906133,
      1.4163890664776166,
      1.307483710348606,
      1.172527084251245,
      1.145981394747893,
      1.0728187416990598,
      1.0102401981751123,
      1.0267163520057996,
      1.1241372351845105,
      1.1618464971582094,
      1.286688856780529,
      1.2976604829231897,
      1.6296917160352071
    ],
    "test_acc": [
      40.2,
      48.45,
      53.38333333333333,
      58.3,
      59.78333333333333,
      62.11666666666667,
      64.41666666666667,
      64.5,
      64.88333333333334,
      65.8,
      64.93333333333334,
      64.86666666666666,
      65.18333333333334
    ]
  }
}