{
  "config": {
    "run_name": "exp1_2_L4_K32",
    "out_dir": "./results",
    "seed": 1164719784,
    "device": null,
    "bs_train": 128,
    "bs_test": 50,
    "batches": 250,
    "epochs": 100,
    "early_stopping": 5,
    "checkpoints": null,
    "lr": 0.01,
    "reg": 0.0005,
    "filters_per_layer": [
      32
    ],
    "pool_every": 2,
    "hidden_dims": [
      1024
    ],
    "model_type": "cnn",
    "kw": {},
    "layers_per_block": 4
  },
  "results": {
    "num_epochs": 15,
    "train_loss": [
      2.1035997819900514,
      1.6379242305755615,
      1.486547061443329,
      1.3819549355506897,
      1.2809843621253967,
      1.178526193380356,
      1.070454746723175,
      0.9478459920883179,
      0.8098973913192749,
      0.6537512930631637,
      0.48985246288776396,
      0.3330618499517441,
      0.20352375638484954,
      0.12696332354843617,
      0.07854923576116563
    ],
    "train_acc": [
      21.959375,
      41.228125,
      46.934375,
      50.628125,
      54.21875,
      58.05,
      62.1,
      66.471875,
      72.128125,
      77.609375,
      84.24375,
      90.059375,
      94.665625,
      97.146875,
      98.525
    ],
    "test_loss": [
      1.8080408891042075,
      1.6021225253740947,
      1.4806451449791591,
      1.4075542191664379,
      1.3362865522503853,
      1.2773260151346524,
      1.2437048499782881,
      1.2562017848094305,
      1.175591250260671,
      1.1821460997064908,
      1.3294328639904658,
      1.4166519850492478,
      1.4961077620585759,
      1.8227184856931369,
      1.9463969334959983
    ],
    "test_acc": [
      37.6,
      43.43333333333333,
      47.2,
      50.18333333333333,
      52.266666666666666,
      54.03333333333333,
      55.766666666666666,
      56.43333333333333,
      59.4,
      59.85,
      58.0,
      58.63333333333333,
      57.583333333333336,
      59.2,
      59.4
    ]
  }
}