{
  "config": {
    "run_name": "exp1_4",
    "out_dir": "results_1.4_ES3",
    "seed": 48968078,
    "device": null,
    "bs_train": 128,
    "bs_test": 50,
    "batches": 250,
    "epochs": 100,
    "early_stopping": 3,
    "checkpoints": null,
    "lr": 0.01,
    "reg": 0.0005,
    "filters_per_layer": [
      64,
      128
    ],
    "pool_every": 2,
    "hidden_dims": [
      1024
    ],
    "model_type": "resnet",
    "kw": {},
    "layers_per_block": 8
  },
  "results": {
    "num_epochs": 9,
    "train_loss": [
      1.4386126918792725,
      0.9808675091266632,
      0.7287235472202301,
      0.5420826350450516,
      0.3603082500100136,
      0.197940416932106,
      0.09132477197051048,
      0.04079480285197496,
      0.021559731923043727
    ],
    "train_acc": [
      47.434375,
      65.334375,
      74.84375,
      81.534375,
      88.525,
      94.825,
      98.471875,
      99.665625,
      99.8875
    ],
    "test_loss": [
      1.2595686902602514,
      1.1050335481762885,
      0.8722306072711945,
      0.8046450197696686,
      0.8537637956440449,
      0.8224397798379263,
      0.9075684684018294,
      0.9266201878587405,
      1.1005728463331859
    ],
    "test_acc": [
      54.13333333333333,
      61.86666666666667,
      70.18333333333334,
      72.25,
      71.85,
      74.51666666666667,
      73.7,
      75.56666666666666,
      75.33333333333333
    ]
  }
}