{
  "config": {
    "run_name": "exp1_1_L8_K64",
    "out_dir": "./results",
    "seed": 1244262726,
    "device": null,
    "bs_train": 128,
    "bs_test": 50,
    "batches": 250,
    "epochs": 100,
    "early_stopping": 5,
    "checkpoints": null,
    "lr": 0.01,
    "reg": 0.0005,
    "filters_per_layer": [
      64
    ],
    "pool_every": 2,
    "hidden_dims": [
      1024
    ],
    "model_type": "cnn",
    "kw": {},
    "layers_per_block": 8
  },
  "results": {
    "num_epochs": 54,
    "train_loss": [
      2.3028811464309693,
      2.3027479677200318,
      2.3023415699005128,
      2.078630967617035,
      1.8400097522735597,
      1.7099426774978637,
      1.5818115200996399,
      1.433877806186676,
      1.244121289253235,
      1.0737522640228272,
      0.8425593516826629,
      0.5695503066778183,
      0.26939217910170554,
      0.11469781878590583,
      0.06052790081501007,
      0.025434219360351562,
      0.016195027112029494,
      0.010271443302743138,
      0.007938190383370966,
      0.006243177602998912,
      0.005858530773315579,
      0.004125995274167508,
      0.0031846446730196478,
      0.0026977708009071647,
      0.003488387684104964,
      0.002340824393439107,
      0.0020326193263754248,
      0.0027029580564703793,
      0.002217392840888351,
      0.0015618686189409346,
      0.0024909875210141763,
      0.0013403715449385345,
      0.0013258381074410864,
      0.0018695087353116833,
      0.0014351366569462698,
      0.0013428023444721476,
      0.0005589926899847342,
      0.00040903691161656754,
      0.0002143814435476088,
      0.00020567259240488055,
      0.00016495844798191682,
      9.532746388140367e-05,
      0.00010516411538992542,
      0.00012006994505645707,
      0.00013224820414325223,
      0.00014294864832481834,
      0.00015335995465284212,
      0.00016074157443654257,
      0.0001668297751020873,
      0.00017241456724877935,
      0.00017810300597921014,
      0.00018336862452269996,
      0.0001874493784562219,
      0.00019150828011333943
    ],
    "train_acc": [
      9.784375,
      9.890625,
      10.284375,
      23.70625,
      32.9125,
      38.253125,
      43.359375,
      48.6375,
      55.734375,
      61.990625,
      70.825,
      81.253125,
      92.878125,
      97.9375,
      99.153125,
      99.796875,
      99.871875,
      99.9625,
      99.96875,
      99.9875,
      99.984375,
      99.99375,
      99.99375,
      99.996875,
      99.996875,
      100.0,
      100.0,
      99.996875,
      99.996875,
      100.0,
      100.0,
      100.0,
      99.996875,
      100.0,
      100.0,
      99.996875,
      100.0,
      100.0,
      100.0,
      100.0,
      100.0,
      100.0,
      100.0,
      100.0,
      100.0,
      100.0,
      100.0,
      100.0,
      100.0,
      100.0,
      100.0,
      100.0,
      100.0,
      100.0
    ],
    "test_loss": [
      2.302730309963226,
      2.3026094675064086,
      2.3008786022663115,
      1.8915660778681438,
      1.7911839534838994,
      1.6431026409069698,
      1.593517455458641,
      1.469436044494311,
      1.321067107717196,
      1.247412154575189,
      1.2397747442126275,
      1.2146925007303555,
      1.4146801615754763,
      1.6249951193730037,
      1.8785936067501703,
      2.2421072055896123,
      2.1514560600121815,
      1.9843518863121667,
      2.3312830964724225,
      2.666121338804563,
      2.6153975903987883,
      2.7092747459808986,
      2.6489513486623766,
      3.125650436679522,
      2.650726874669393,
      2.7356796065966287,
      3.0575851450363793,
      2.575174644589424,
      3.004265135526657,
      2.4753259390592577,
      2.899275173743566,
      2.7056246479352315,
      2.8920061935981116,
      2.8728739390770595,
      2.9288850794235866,
      2.861502358317375,
      3.286751610040665,
      3.1911929180224736,
      3.0679244736830396,
      3.061242114504178,
      2.9197315404812496,
      2.8226400325695673,
      2.7580146729946136,
      2.711504714687665,
      2.684967818856239,
      2.669890569647153,
      2.6583432758847874,
      2.6581243773301444,
      2.6552196025848387,
      2.6591779828071593,
      2.663373441497485,
      2.670412715276082,
      2.6754192610581717,
      2.681156450510025
    ],
    "test_acc": [
      9.883333333333333,
      10.05,
      15.083333333333334,
      31.583333333333332,
      34.65,
      41.31666666666667,
      43.6,
      48.266666666666666,
      52.68333333333333,
      56.016666666666666,
      57.18333333333333,
      60.016666666666666,
      57.5,
      58.083333333333336,
      59.86666666666667,
      59.416666666666664,
      60.016666666666666,
      60.266666666666666,
      61.18333333333333,
      60.43333333333333,
      59.18333333333333,
      59.75,
      59.78333333333333,
      58.233333333333334,
      61.18333333333333,
      59.43333333333333,
      59.166666666666664,
      61.15,
      60.71666666666667,
      59.666666666666664,
      61.1,
      60.916666666666664,
      60.18333333333333,
      60.81666666666667,
      60.36666666666667,
      60.833333333333336,
      61.25,
      61.916666666666664,
      63.0,
      62.416666666666664,
      62.78333333333333,
      62.78333333333333,
      62.766666666666666,
      62.766666666666666,
      62.86666666666667,
      62.916666666666664,
      62.96666666666667,
      62.93333333333333,
      63.0,
      62.96666666666667,
      62.95,
      62.81666666666667,
      62.833333333333336,
      62.7
    ]
  }
}