{
  "config": {
    "run_name": "exp1_2_L2_K32",
    "out_dir": "./results",
    "seed": 1834364822,
    "device": null,
    "bs_train": 128,
    "bs_test": 50,
    "batches": 250,
    "epochs": 100,
    "early_stopping": 5,
    "checkpoints": null,
    "lr": 0.01,
    "reg": 0.0005,
    "filters_per_layer": [
      32
    ],
    "pool_every": 2,
    "hidden_dims": [
      1024
    ],
    "model_type": "cnn",
    "kw": {},
    "layers_per_block": 2
  },
  "results": {
    "num_epochs": 92,
    "train_loss": [
      1.9274144916534424,
      1.5805758395195006,
      1.4197775316238403,
      1.2913690080642701,
      1.175073746919632,
      1.0637851746082305,
      0.9538209726810455,
      0.8476391625404358,
      0.735212747335434,
      0.6203020170927048,
      0.48907495868206025,
      0.37919498717784883,
      0.26904836189746856,
      0.18183103862404823,
      0.11432246440649033,
      0.09084123736619949,
      0.05532282898575067,
      0.044502595260739325,
      0.029343834083527327,
      0.018034503936767577,
      0.01140457780007273,
      0.008065359884873032,
      0.004716269105672836,
      0.003403049755375832,
      0.0029854883928783237,
      0.0028241896661929788,
      0.003142662811093032,
      0.00307632301421836,
      0.0031751812561415134,
      0.0032584059974178673,
      0.003244561781641096,
      0.0032823714730329813,
      0.0036129929721355437,
      0.003607886706478894,
      0.004127289745956659,
      0.004738079712726176,
      0.0037772351698949934,
      0.0037233477290719748,
      0.0037189632831141355,
      0.0038834861172363164,
      0.003925344717688859,
      0.004125633498653769,
      0.0056158181400969625,
      0.004559378622099757,
      0.004463629079982639,
      0.004136950516141951,
      0.00403730801679194,
      0.00407808390352875,
      0.0041042245961725714,
      0.004138176414184272,
      0.0041889726631343365,
      0.010688792031258344,
      0.13108418947458267,
      0.08657135659456253,
      0.0459409625902772,
      0.025575281620025633,
      0.014032969735562801,
      0.005652441804297269,
      0.0032402576534077527,
      0.002893797556869686,
      0.002529989171307534,
      0.0030408110157586635,
      0.00230347456689924,
      0.0022243736260570586,
      0.0024059148365631697,
      0.0023969740872271357,
      0.002533807706087828,
      0.0032481120768934487,
      0.003282070117071271,
      0.00308354902965948,
      0.0030269467164762316,
      0.0031319787465035917,
      0.003250519814901054,
      0.003374200033955276,
      0.003447375307790935,
      0.003544930296950042,
      0.003677004087716341,
      0.0038953221831470727,
      0.004450171548873186,
      0.003956291276030243,
      0.004001391001977026,
      0.0039628183860331775,
      0.00396759947296232,
      0.003980255857110024,
      0.003981407270766795,
      0.00404539598710835,
      0.007741736834868789,
      0.03424400858208537,
      0.08831710450351238,
      0.06338154624402523,
      0.02925558914989233,
      0.014607715075835586
    ],
    "train_acc": [
      30.225,
      43.828125,
      49.278125,
      53.66875,
      58.259375,
      62.328125,
      66.59375,
      70.5,
      74.865625,
      79.015625,
      84.06875,
      88.2625,
      92.484375,
      95.521875,
      97.7,
      98.478125,
      99.334375,
      99.48125,
      99.75625,
      99.90625,
      99.91875,
      99.96875,
      99.965625,
      99.990625,
      99.996875,
      99.9875,
      99.99375,
      99.9875,
      99.996875,
      99.99375,
      99.99375,
      100.0,
      99.99375,
      100.0,
      100.0,
      99.996875,
      100.0,
      100.0,
      100.0,
      100.0,
      100.0,
      99.996875,
      99.99375,
      99.996875,
      99.99375,
      100.0,
      100.0,
      100.0,
      100.0,
      100.0,
      100.0,
      99.946875,
      97.640625,
      98.85625,
      99.621875,
      99.890625,
      99.959375,
      99.996875,
      99.990625,
      99.996875,
      99.996875,
      99.99375,
      100.0,
      100.0,
      99.996875,
      100.0,
      100.0,
      99.996875,
      100.0,
      100.0,
      100.0,
      100.0,
      100.0,
      100.0,
      100.0,
      100.0,
      100.0,
      100.0,
      100.0,
      100.0,
      100.0,
      100.0,
      100.0,
      100.0,
      100.0,
      100.0,
      99.996875,
      99.809375,
      98.9875,
      99.41875,
      99.878125,
      99.975
    ],
    "test_loss": [
      1.728689300020536,
      1.5133259852727254,
      1.403606089949608,
      1.319469833870729,
      1.225032092630863,
      1.2203310405214627,
      1.200987358391285,
      1.1544476856788,
      1.1961936016877492,
      1.1676796009143193,
      1.1868644267320634,
      1.267833910882473,
      1.3946045324206353,
      1.4190462226668994,
      1.5407979940374692,
      1.620398043592771,
      1.7272195488214492,
      1.7715732355912526,
      1.8105357602238654,
      1.959383922815323,
      1.9777249574661255,
      1.9543761442104974,
      1.9610896229743957,
      1.958767136434714,
      1.9491512874762218,
      1.9254401793082556,
      1.9189751068751018,
      1.894047806163629,
      1.8769918511311212,
      1.8583471233646074,
      1.8485873485604922,
      1.8240019619464873,
      1.8105732858181,
      1.8087781518697739,
      1.7856993203361828,
      1.770816187063853,
      1.7686334922909737,
      1.755129413306713,
      1.7546191647648812,
      1.7459403196970622,
      1.7473420386513074,
      1.7318574105699858,
      1.6971692775686582,
      1.7099256634712219,
      1.7144723132252693,
      1.7077741414308547,
      1.7010892185072104,
      1.6988743806878726,
      1.7021638085444768,
      1.681142194569111,
      1.6862369070450465,
      1.7333069905638694,
      1.5637375141183536,
      1.7254707470536232,
      1.8596857234835624,
      1.8939413294196128,
      1.930242790778478,
      1.862171050409476,
      1.864539515475432,
      1.8694015259544055,
      1.8526652082800865,
      1.8280887434879938,
      1.8219151745239894,
      1.8024708484609921,
      1.7817126989364624,
      1.7734218378861746,
      1.7496305987238885,
      1.7282853906353315,
      1.704652789235115,
      1.7009871159990628,
      1.6917820995052655,
      1.6821193248033524,
      1.6764170989394187,
      1.6548143645127615,
      1.6508710419138273,
      1.640171163280805,
      1.6362162679433823,
      1.65290533999602,
      1.617433172961076,
      1.616511478026708,
      1.615697621802489,
      1.609084717432658,
      1.6109346692760786,
      1.6013707901040712,
      1.6005456457535425,
      1.5923259516557058,
      1.5538585444291433,
      1.6135144417484601,
      1.6198837280273437,
      1.6684726084272066,
      1.7691009079416593,
      1.8256507794062296
    ],