{
  "config": {
    "run_name": "exp1_2_L8_K64",
    "out_dir": "./results",
    "seed": 1769147568,
    "device": null,
    "bs_train": 128,
    "bs_test": 50,
    "batches": 250,
    "epochs": 100,
    "early_stopping": 5,
    "checkpoints": null,
    "lr": 0.01,
    "reg": 0.0005,
    "filters_per_layer": [
      64
    ],
    "pool_every": 2,
    "hidden_dims": [
      1024
    ],
    "model_type": "cnn",
    "kw": {},
    "layers_per_block": 8
  },
  "results": {
    "num_epochs": 90,
    "train_loss": [
      2.3027151985168457,
      2.302816785812378,
      2.3024935331344603,
      2.1654550042152403,
      1.8624270849227906,
      1.7362515897750854,
      1.5462766890525819,
      1.3424030141830445,
      1.185532553434372,
      0.9705930061340332,
      0.7320985171794891,
      0.4432406873703003,
      0.18148379549384117,
      0.08841096490621567,
      0.04048376839235425,
      0.025898418799042703,
      0.014146834468469024,
      0.009390993707813322,
      0.007766698395833373,
      0.005305251906625927,
      0.004689718193374574,
      0.0034941659667529165,
      0.0031197323671076447,
      0.003505787370027974,
      0.00219390240177745,
      0.0027794877726119013,
      0.0023340527621330694,
      0.0019708207373623737,
      0.002039832683978602,
      0.0016574878412066027,
      0.0021209739523474127,
      0.0020401357340160756,
      0.0010396771223749966,
      0.0017086965889320709,
      0.001727659244905226,
      0.001198884334124159,
      0.001463556250790134,
      0.0017481303048552945,
      0.0018533051863778383,
      0.0013728574352571742,
      0.0014350235471501946,
      0.0017543199619394728,
      0.0012037493333336897,
      0.0005420181526133093,
      0.0012091294611454942,
      0.0010212053802388255,
      0.0008834764990606345,
      0.0008574203884927556,
      0.0016983323378954084,
      0.0011940234086941929,
      0.0013324337252997793,
      0.0015689078229479492,
      0.001003413914644625,
      0.0008929014773457311,
      0.0012608840756583959,
      0.000795607942098286,
      0.0007204515874764183,
      0.0011013878887606552,
      0.0016917347732232884,
      0.001556953719467856,
      0.0018715787390246987,
      0.0016893449230119587,
      0.0019900748619111255,
      0.0019078188794665039,
      0.0019097168918815442,
      0.0014646996655501424,
      0.0013499211589805783,
      0.0014546459874836728,
      0.0016544969465758187,
      0.0011386174528161064,
      0.0015197504570242017,
      0.0017714383603306487,
      0.0008792350690928288,
      0.0005235697986790911,
      0.0001701282994108624,
      8.517700016091112e-05,
      9.262909147946629e-05,
      0.0001112563144415617,
      0.00012606574682286008,
      0.00014093975764990318,
      0.00015012852328072766,
      0.00015990335974493065,
      0.00016728751445771196,
      0.00017500801922869867,
      0.0001827506199479103,
      0.00018623915530042724,
      0.00019186080995132215,
      0.00019744226837065072,
      0.0002009835704229772,
      0.0002040185849473346
    ],
    "train_acc": [
      10.140625,
      10.0625,
      10.2,
      20.246875,
      32.009375,
      36.996875,
      43.815625,
      51.6625,
      57.478125,
      65.65,
      75.2375,
      86.359375,
      95.8125,
      98.4125,
      99.534375,
      99.7625,
      99.940625,
      99.96875,
      99.98125,
      99.98125,
      99.9875,
      99.996875,
      100.0,
      99.99375,
      100.0,
      99.990625,
      99.99375,
      100.0,
      99.996875,
      100.0,
      99.99375,
      100.0,
      100.0,
      99.996875,
      100.0,
      100.0,
      100.0,
      100.0,
      100.0,
      100.0,
      100.0,
      100.0,
      100.0,
      100.0,
      99.996875,
      100.0,
      99.996875,
      100.0,
      100.0,
      100.0,
      99.996875,
      100.0,
      99.996875,
      100.0,
      100.0,
      100.0,
      100.0,
      100.0,
      100.0,
      100.0,
      100.0,
      100.0,
      99.99375,
      100.0,
      99.996875,
      100.0,
      100.0,
      100.0,
      100.0,
      100.0,
      99.996875,
      99.996875,
      100.0,
      100.0,
      100.0,
      100.0,
      100.0,
      100.0,
      100.0,
      100.0,
      100.0,
      100.0,
      100.0,
      100.0,
      100.0,
      100.0,
      100.0,
      100.0,
      100.0,
      100.0
    ],
    "test_loss": [
      2.3027413845062257,
      2.3025999406973523,
      2.3017733494440713,
      1.9629470477501552,
      1.8105978081623713,
      1.6798590302467347,
      1.4476040244102477,
      1.361210853854815,
      1.2864494348565738,
      1.2054393768310547,
      1.2612698386112848,
      1.2525597269336382,
      1.4197352627913158,
      1.8359303762515387,
      1.9988643139600755,
      2.246090701719125,
      2.466958459218343,
      2.424466587106387,
      2.368680363893509,
      2.59978179136912,
      2.162562428911527,
      2.7639000604550046,
      2.5336587131023407,
      2.949916327993075,
      2.5758294438322387,
      2.6497963070869446,
      3.2325866778691608,
      2.8997776726881663,
      2.9017542521158854,
      3.140951951344808,
      2.9037183582782746,
      2.7844855219125746,
      3.224873058994611,
      2.8002406626939775,
      2.892779770493507,
      2.8356715361277263,
      3.2182677388191223,
      2.7231445531050364,
      2.7041653245687485,
      2.8997908453146617,
      2.957880633076032,
      2.9212492913007737,
      3.0182865490516027,
      3.0500687032938005,
      3.127149465680122,
      2.99070006608963,
      3.140776789188385,
      2.6746167918046315,
      2.9315203333894413,
      2.915543206532796,
      2.6713770806789396,
      2.9076360603173574,
      3.163707294066747,
      2.966545182466507,
      2.939972747365634,
      3.054929733276367,
      3.15865260163943,
      2.6786569476127626,
      2.830184398094813,
      2.6820679903030396,
      2.5020288159449895,
      2.809549174706141,
      3.0397053331136705,
      3.184896418452263,
      2.8710624118645987,
      2.833119660615921,
      3.117916187644005,
      2.8015213012695312,
      2.785556361079216,
      2.7417696684598925,
      2.888579149047534,
      2.947952061891556,
      3.032726972301801,
      3.0128901173671085,
      3.0254241396983463,
      2.873371493816376,
      2.767058415214221,
      2.697683990995089,
      2.654625157515208,
      2.624916385114193,
      2.607299914956093,
      2.596610277891159,
      2.590705707669258,
      2.589182880520821,
      2.587623652815819,
      2.590956831971804,
      2.597672506173452,
      2.6031775683164597,
      2.611449154218038,
      2.6202129145463307
    ],