{
  "config": {
    "run_name": "exp1_1_L4_K32",
    "out_dir": "./results",
    "seed": 928992270,
    "device": null,
    "bs_train": 128,
    "bs_test": 50,
    "batches": 250,
    "epochs": 100,
    "early_stopping": 5,
    "checkpoints": null,
    "lr": 0.01,
    "reg": 0.0005,
    "filters_per_layer": [
      32
    ],
    "pool_every": 2,
    "hidden_dims": [
      1024
    ],
    "model_type": "cnn",
    "kw": {},
    "layers_per_block": 4
  },
  "results": {
    "num_epochs": 17,
    "train_loss": [
      2.103045063495636,
      1.655046408176422,
      1.4942255716323853,
      1.3782713055610656,
      1.26506179523468,
      1.1568213968276977,
      1.0412589912414552,
      0.918550258398056,
      0.7742676277160645,
      0.6098972915410995,
      0.44944509530067445,
      0.28984454572200774,
      0.18988175982236863,
      0.11776788772642613,
      0.07192389054596424,
      0.056474885880947116,
      0.03435663411393761
    ],
    "train_acc": [
      22.375,
      40.6,
      46.721875,
      50.784375,
      55.025,
      58.665625,
      63.1875,
      67.75,
      73.0875,
      79.671875,
      85.603125,
      91.696875,
      95.140625,
      97.425,
      98.73125,
      99.071875,
      99.553125
    ],
    "test_loss": [
      1.812633569041888,
      1.6228254695733388,
      1.4571950058142344,
      1.3556648855408033,
      1.3039109369119009,
      1.26903551419576,
      1.225521871447563,
      1.245957824587822,
      1.211813248693943,
      1.248738129933675,
      1.39559416671594,
      1.4090102230509123,
      1.600209835668405,
      1.6171871056159337,
      1.9358894849816959,
      1.8687711164355278,
      2.1870000551144284
    ],
    "test_acc": [
      34.95,
      41.8,
      48.333333333333336,
      52.016666666666666,
      54.016666666666666,
      54.9,
      56.583333333333336,
      57.983333333333334,
      59.75,
      58.86666666666667,
      59.083333333333336,
      59.11666666666667,
      59.9,
      60.46666666666667,
      60.11666666666667,
      61.516666666666666,
      59.766666666666666
    ]
  }
}