{
  "config": {
    "run_name": "exp1_2_L2_K128",
    "out_dir": "./results",
    "seed": 1317726906,
    "device": null,
    "bs_train": 128,
    "bs_test": 50,
    "batches": 250,
    "epochs": 100,
    "early_stopping": 5,
    "checkpoints": null,
    "lr": 0.01,
    "reg": 0.0005,
    "filters_per_layer": [
      128
    ],
    "pool_every": 2,
    "hidden_dims": [
      1024
    ],
    "model_type": "cnn",
    "kw": {},
    "layers_per_block": 2
  },
  "results": {
    "num_epochs": 17,
    "train_loss": [
      1.8571062150001525,
      1.5251170010566713,
      1.3410057458877565,
      1.2103094437122346,
      1.0815717272758485,
      0.9852793986797332,
      0.8672042622566223,
      0.7596698110103607,
      0.6324907077550888,
      0.504509800195694,
      0.37891325587034225,
      0.26363904255628584,
      0.16743698832392692,
      0.11300880421698094,
      0.06991140595078468,
      0.05226221828907728,
      0.030851450867950915
    ],
    "train_acc": [
      33.546875,
      45.703125,
      52.20625,
      56.8125,
      61.528125,
      65.190625,
      69.725,
      73.68125,
      78.565625,
      83.43125,
      88.346875,
      92.746875,
      96.0625,
      97.8875,
      98.965625,
      99.3375,
      99.74375
    ],
    "test_loss": [
      1.6618835618098577,
      1.5041245390971503,
      1.3043825735648473,
      1.2111713955799739,
      1.168057243525982,
      1.1645125985145568,
      1.131570613384247,
      1.0860561564564706,
      1.1052553902069728,
      1.1058140287796656,
      1.1920915285746256,
      1.3073364704847337,
      1.3074109757939973,
      1.4032853439450264,
      1.5444622958699863,
      1.5780993908643723,
      1.7333859885732332
    ],
    "test_acc": [
      41.53333333333333,
      46.31666666666667,
      53.56666666666667,
      56.38333333333333,
      58.18333333333333,
      58.916666666666664,
      60.516666666666666,
      62.06666666666667,
      62.61666666666667,
      63.1,
      62.88333333333333,
      62.56666666666667,
      63.6,
      65.1,
      64.13333333333334,
      64.26666666666667,
      63.916666666666664
    ]
  }
}